{
    "input": {
        "request-information": {
            "request-id": "robot12",
            "order-version": "1",
            "notification-url": "openecomp.org",
            "order-number": "1",
            "request-action": "PreloadVNFRequest"
        },
        "sdnc-request-header": {
            "svc-request-id": "robot12",
            "svc-notification-url": "http://openecomp.org:8080/adapters/rest/SDNCNotify",
            "svc-action": "reserve"
        },
        "vnf-topology-information": {
            "vnf-topology-identifier": {
                "vnf-name": "",
                "vnf-type": "",
                "generic-vnf-type": "",
                "generic-vnf-name": ""
            },
            "vnf-assignments": {
                "availability-zones": [],
                "vnf-networks": [],
                "vnf-vms": []
            },
            "vnf-parameters": [
                {
                    "vnf-parameter-name": "test_image_name",
                    "vnf-parameter-value": "cirros-0.4.0-x86_64-disk"
                },
                {
                    "vnf-parameter-name": "test_flavor_name",
                    "vnf-parameter-value": "m1.tiny"
                },
                {
                    "vnf-parameter-name": "public_net_id",
                    "vnf-parameter-value": "public"
                },
                {
                    "vnf-parameter-name": "test_name_0",
                    "vnf-parameter-value": "starkvnftest"
                }
                
            ]
        }
    }
}