{
     "vnf_name": "SingleModule_VNFAPI_fail",
     "description": "Some Description",
     "modules": [
        {
         "filename": "base.yaml",
         "isBase": "true",
         "preload": "base_preload.json"
        }
     ],
     "api_type": "vnf_api",  
     "subscriber": "ONAPSUBSCRIBER",
     "service_type": "ONAPSERVICE",
     "tenant_name": "onap_project",
     "region_id": "ONAPREGION",
     "cloud_owner": "ONAPOWNER",
     "project_name": "testproject",
     "owning_entity": "testentity",
     "platform": "testplatform",
     "line_of_business": "testlob",
     "os_password": "supersecret"
}
